issue,date,n1,n2,n3,n4,n5,n6,special
26/047,2026-05-05,2,7,8,10,18,47,4
26/048,2026-05-07,6,14,20,23,28,34,49
26/049,2026-05-10,9,17,26,41,42,47,8
26/050,2026-05-12,4,16,19,22,25,47,40
26/051,2026-05-14,23,27,30,34,45,47,28
26/052,2026-05-16,11,25,28,36,41,43,22
26/053,2026-05-19,1,2,4,20,21,27,19
26/054,2026-05-21,5,7,13,15,27,31,16
26/055,2026-05-23,2,7,20,42,47,49,8
26/056,2026-05-26,10,11,18,32,34,47,33
26/057,2026-05-28,7,13,25,35,40,43,47
26/058,2026-05-30,1,12,21,39,40,41,42
26/059,2026-06-02,9,14,16,35,37,45,20
26/060,2026-06-04,4,7,15,37,43,47,44
26/061,2026-06-06,5,12,19,20,34,36,46
26/062,2026-06-09,8,11,14,26,33,40,30
26/063,2026-06-11,3,6,9,10,28,29,27
26/064,2026-06-14,10,12,17,29,32,35,1
26/065,2026-06-18,6,20,26,31,34,47,24
26/066,2026-06-20,5,7,10,15,16,41,46
26/067,2026-06-23,2,15,25,34,39,41,10
26/068,2026-06-25,12,16,19,20,28,30,29
26/069,2026-06-28,5,7,26,32,37,40,35
26/070,2026-06-30,12,14,17,18,22,40,13
26/071,2026-07-02,5,17,26,31,34,46,43
26/072,2026-07-07,5,34,37,43,48,49,27
26/073,2026-07-09,1,7,18,21,33,38,28
26/074,2026-07-11,2,5,7,11,41,46,43
26/075,2026-07-14,10,16,19,27,31,44,17
26/076,2026-07-16,18,21,26,30,32,44,27
26/077,2026-07-21,1,6,37,41,45,47,8
26/078,2026-07-23,4,7,15,29,32,46,23
26/079,2026-07-25,5,7,12,26,31,42,11
26/080,2026-07-28,4,7,14,20,21,30,34
26/081,2026-07-30,1,2,14,17,23,35,48
26/082,2026-08-01,1,7,16,22,32,37,23
26/083,2026-08-04,4,11,13,16,31,33,38
26/084,2026-08-06,13,24,29,30,42,48,3
26/085,2026-08-08,1,3,7,31,32,49,47
26/086,2026-08-11,11,19,28,36,43,48,13
26/087,2026-08-13,21,27,35,40,47,48,23
26/088,2026-08-15,4,16,25,27,28,33,14
26/089,2026-08-18,7,8,9,14,39,41,49
26/090,2026-08-20,7,9,10,15,24,46,34
26/091,2026-08-22,7,9,12,25,34,40,29
26/092,2026-08-25,1,18,19,25,34,38,7
26/093,2026-08-27,12,17,25,31,44,45,35
26/095,2026-08-29,4,7,8,11,26,30,42
26/096,2026-09-05,9,18,26,30,33,45,28
26/097,2026-09-08,9,23,28,29,35,41,38
26/098,2026-09-10,22,23,31,32,35,45,34
26/099,2026-09-12,9,18,24,33,40,47,11
26/100,2026-09-15,2,5,6,9,29,30,19
26/101,2026-09-17,4,17,31,41,47,48,8
26/102,2026-09-19,5,8,11,14,19,31,21
26/103,2026-09-22,2,34,35,43,45,46,41
